IQ_IN.data,IQ_IN.keep,IQ_IN.last,IQ_IN.valid,CTRL_IN.data,CTRL_IN.keep,CTRL_IN.last,CTRL_IN.valid
643c9869,ffffffffffffffff,0,0,66ef438d,ffffffffffffffff,0,1
6b8b4567,ffffffffffffffff,0,0,1f16e9e8,ffffffffffffffff,1,1
327b23c6,ffffffffffffffff,0,0,1190cde7,ffffffffffffffff,0,1
643c9869,ffffffffffffffff,0,0,66ef438d,ffffffffffffffff,1,1
66334873,ffffffffffffffff,0,0,140e0f76,ffffffffffffffff,0,1
74b0dc51,ffffffffffffffff,0,0,3352255a,ffffffffffffffff,1,1
19495cff,ffffffffffffffff,0,0,109cf92e,ffffffffffffffff,0,1
2ae8944a,ffffffffffffffff,0,0,ded7263,ffffffffffffffff,1,1
625558ec,ffffffffffffffff,0,0,7fdcc233,ffffffffffffffff,0,1
238e1f29,ffffffffffffffff,0,0,1befd79f,ffffffffffffffff,1,1
46e87ccd,ffffffffffffffff,0,0,41a7c4c9,ffffffffffffffff,0,1
3d1b58ba,ffffffffffffffff,0,0,6b68079a,ffffffffffffffff,1,1
507ed7ab,ffffffffffffffff,0,0,4e6afb66,ffffffffffffffff,0,1
2eb141f2,ffffffffffffffff,0,0,25e45d32,ffffffffffffffff,1,1
41b71efb,ffffffffffffffff,0,0,519b500d,ffffffffffffffff,0,1
79e2a9e3,ffffffffffffffff,0,0,431bd7b7,ffffffffffffffff,1,1
7ae21149,ffffffffffffffff,0,1,3f2dba31,ffffffffffffffff,0,0
515f007c,ffffffffffffffff,1,1,7c83e458,ffffffffffffffff,0,0
5bd062c2,ffffffffffffffff,0,1,257130a3,ffffffffffffffff,0,0
12200854,ffffffffffffffff,1,1,62bbd95a,ffffffffffffffff,0,0
4db127f8,ffffffffffffffff,0,1,3d1b58ba,ffffffffffffffff,0,0
216231b,ffffffffffffffff,1,1,507ed7ab,ffffffffffffffff,0,0
1f16e9e8,ffffffffffffffff,0,1,2eb141f2,ffffffffffffffff,0,0
1190cde7,ffffffffffffffff,1,1,41b71efb,ffffffffffffffff,0,0
66ef438d,ffffffffffffffff,0,1,79e2a9e3,ffffffffffffffff,0,0
140e0f76,ffffffffffffffff,1,1,7ae21149,ffffffffffffffff,0,0
3352255a,ffffffffffffffff,0,1,6b8b4567,ffffffffffffffff,0,0
109cf92e,ffffffffffffffff,1,1,327b23c6,ffffffffffffffff,0,0
ded7263,ffffffffffffffff,0,1,643c9869,ffffffffffffffff,0,0
7fdcc233,ffffffffffffffff,1,1,66334873,ffffffffffffffff,0,0
1befd79f,ffffffffffffffff,0,1,74b0dc51,ffffffffffffffff,0,0
41a7c4c9,ffffffffffffffff,1,1,19495cff,ffffffffffffffff,0,0
6b68079a,ffffffffffffffff,0,0,2ae8944a,ffffffffffffffff,0,1
4e6afb66,ffffffffffffffff,0,0,625558ec,ffffffffffffffff,0,1
25e45d32,ffffffffffffffff,0,0,238e1f29,ffffffffffffffff,0,1
519b500d,ffffffffffffffff,0,0,46e87ccd,ffffffffffffffff,0,1
431bd7b7,ffffffffffffffff,0,0,3d1b58ba,ffffffffffffffff,0,1
3f2dba31,ffffffffffffffff,0,0,507ed7ab,ffffffffffffffff,0,1
7c83e458,ffffffffffffffff,0,0,2eb141f2,ffffffffffffffff,0,1
257130a3,ffffffffffffffff,0,0,41b71efb,ffffffffffffffff,0,1
62bbd95a,ffffffffffffffff,0,0,79e2a9e3,ffffffffffffffff,1,1
